account,post_id,page_time_utc,observed_at_utc,views,likes,reposts,replies,classification,url,time_semantics,original_publication_utc
huoshan007,2105888507013345676,2026-10-02T05:12:00Z,2026-10-02T08:31:21.815Z,6385,62,20,8,search_only_unqualified,https://x.com/huoshan007/status/2105888507013345676,page_time_not_edit_audited,
Boywus,2105888409797689611,2026-10-02T05:11:37Z,2026-10-02T08:31:21.815Z,5410,29,2,4,search_only_unqualified,https://x.com/Boywus/status/2105888409797689611,page_time_not_edit_audited,
AYi_AInotes,2105858824196210928,2026-10-02T03:14:03Z,2026-10-02T08:31:21.815Z,3914,24,10,3,search_only_unqualified,https://x.com/AYi_AInotes/status/2105858824196210928,page_time_not_edit_audited,
bi_9527zx,2105850611841544694,2026-10-02T02:41:25Z,2026-10-02T08:31:21.815Z,12346,40,1,28,search_only_unqualified,https://x.com/bi_9527zx/status/2105850611841544694,page_time_not_edit_audited,
AI_Jasonyu,2104911243739853231,2026-09-29T12:28:42Z,2026-10-02T08:33:39.836Z,297761,744,188,97,search_only_unqualified,https://x.com/AI_Jasonyu/status/2104911243739853231,page_time_not_edit_audited,
yechaofen,2039259303887180239,2026-04-01T08:31:20Z,2026-10-02T08:33:39.836Z,23055,193,31,8,search_only_unqualified,https://x.com/yechaofen/status/2039259303887180239,page_time_not_edit_audited,
ysp2025,2033557873150857662,2026-03-16T14:55:53Z,2026-10-02T08:33:39.836Z,15066,10,1,1,search_only_unqualified,https://x.com/ysp2025/status/2033557873150857662,page_time_not_edit_audited,
yanliudreamer,2084894101418414543,2026-08-05T06:47:43Z,2026-10-02T08:33:39.836Z,44935,142,28,31,search_only_unqualified,https://x.com/yanliudreamer/status/2084894101418414543,page_time_not_edit_audited,
Mm3yap,2105850269275984347,2026-10-02T02:40:03Z,2026-10-02T08:33:45.604Z,33,0,1,0,search_only_duplicate_text_signal,https://x.com/Mm3yap/status/2105850269275984347,page_time_not_edit_audited,
OnlyPulo,2105831733480583570,2026-10-02T01:26:24Z,2026-10-02T08:33:45.604Z,113,2,1,6,search_only_duplicate_text_signal,https://x.com/OnlyPulo/status/2105831733480583570,page_time_not_edit_audited,
mjjwiki,2105664682191364165,2026-10-01T14:22:36Z,2026-10-02T08:33:45.604Z,1241,10,0,7,search_only_unverified_retrospective,https://x.com/mjjwiki/status/2105664682191364165,page_time_not_edit_audited,
WenBuilds,2105654805205299655,2026-10-01T13:43:21Z,2026-10-02T08:33:45.604Z,1666,29,2,10,search_only_unqualified,https://x.com/WenBuilds/status/2105654805205299655,page_time_not_edit_audited,
LeoTes1a,2105332318722502777,2026-09-30T16:21:54Z,2026-10-02T08:33:53.585Z,742,0,1,0,search_only_unqualified,https://x.com/LeoTes1a/status/2105332318722502777,page_time_not_edit_audited,
wadezone,2105109207326556512,2026-09-30T01:35:20Z,2026-10-02T08:33:53.585Z,4097,12,2,7,search_only_unqualified,https://x.com/wadezone/status/2105109207326556512,page_time_not_edit_audited,
GitTrend0x,2104915923681579051,2026-09-29T12:47:18Z,2026-10-02T08:33:53.585Z,1501,9,2,0,search_only_unqualified,https://x.com/GitTrend0x/status/2104915923681579051,page_time_not_edit_audited,
GitTrend0x,2104847278565630022,2026-09-29T08:14:32Z,2026-10-02T08:34:03.601Z,2424,9,1,1,search_only_unqualified,https://x.com/GitTrend0x/status/2104847278565630022,page_time_not_edit_audited,
sleepy0x13,2104727630637625762,2026-09-29T00:19:05Z,2026-10-02T08:34:03.601Z,4282,19,6,0,search_only_unqualified,https://x.com/sleepy0x13/status/2104727630637625762,page_time_not_edit_audited,
StayFoolish816,2104531752924639640,2026-09-28T11:20:44Z,2026-10-02T08:34:03.601Z,288,0,0,0,search_only_unqualified,https://x.com/StayFoolish816/status/2104531752924639640,page_time_not_edit_audited,
zhang_weig73947,2104499058970935733,2026-09-28T09:10:50Z,2026-10-02T08:34:03.601Z,13445,8,1,2,search_only_unqualified,https://x.com/zhang_weig73947/status/2104499058970935733,page_time_not_edit_audited,
GitTrend0x,2104464613324833243,2026-09-28T06:53:57Z,2026-10-02T08:34:03.601Z,3712,12,4,1,search_only_unqualified,https://x.com/GitTrend0x/status/2104464613324833243,page_time_not_edit_audited,
wangtalkai,2104416965335163140,2026-09-28T03:44:37Z,2026-10-02T08:34:03.601Z,2713,4,0,2,search_only_unqualified,https://x.com/wangtalkai/status/2104416965335163140,page_time_not_edit_audited,
