account,post_id,url,page_time_utc,time_semantics,original_publication_utc,observed_at_utc,age_days_at_snapshot,metric_window,views,likes,reposts,replies,bookmarks,post_kind,pinned,ad_label_observed,analysis_role,root_verified,topic,summary,classification_basis
liobaheimbach,2105300009285456027,https://x.com/liobaheimbach/status/2105300009285456027,2026-09-30T14:13:31Z,page_time_not_edit_audited,,2026-10-02T07:48:10.660Z,1.7324034722222224,cumulative_at_observation,56561,249,43,26,160,original,False,False,candidate_repeat,False,research,PropAMM论文发布,profile_timeline; quote and evident thread continuations excluded; direct root audit pending
liobaheimbach,2105300011936321951,https://x.com/liobaheimbach/status/2105300011936321951,2026-09-30T14:13:32Z,page_time_not_edit_audited,,2026-10-02T07:48:10.660Z,1.732391898148148,cumulative_at_observation,2434,30,1,1,,thread_quote,False,False,exclude_thread,False,research,同秒后续路由器补充,profile_timeline; quote and evident thread continuations excluded; direct root audit pending
liobaheimbach,2104605456270508358,https://x.com/liobaheimbach/status/2104605456270508358,2026-09-28T16:13:37Z,page_time_not_edit_audited,,2026-10-02T07:48:10.660Z,3.649000694444444,cumulative_at_observation,1061,33,0,1,1,original,False,False,post_breakout_control,False,life,纽约与瑞士景色对比,profile_timeline; quote and evident thread continuations excluded; direct root audit pending
liobaheimbach,2103147621166497914,https://x.com/liobaheimbach/status/2103147621166497914,2026-09-24T15:40:42Z,publication_time_no_edit_label,2026-09-24T15:40:42Z,2026-10-02T07:48:10.660Z,7.671859490740741,cumulative_at_observation,45352,153,48,21,56,original,False,False,candidate_first_in_window,True,research,新论文发布,profile_timeline; quote and evident thread continuations excluded; direct root audit pending
liobaheimbach,2103162825724334407,https://x.com/liobaheimbach/status/2103162825724334407,2026-09-24T16:41:07Z,page_time_not_edit_audited,,2026-10-02T07:48:27.327Z,7.630096377314815,cumulative_at_observation,890,13,0,0,,thread_reply,False,False,exclude_thread,False,research,论文致谢,profile_timeline; quote and evident thread continuations excluded; direct root audit pending
liobaheimbach,2099931380410982650,https://x.com/liobaheimbach/status/2099931380410982650,2026-09-15T18:40:30Z,publication_time_no_edit_label,2026-09-15T18:40:30Z,2026-10-02T07:48:27.327Z,16.547191284722224,cumulative_at_observation,1184,38,1,3,1,original,False,False,baseline_10,True,life,陶艺活动,profile_timeline; quote and evident thread continuations excluded; direct root audit pending
liobaheimbach,2099932578698428626,https://x.com/liobaheimbach/status/2099932578698428626,2026-09-15T18:45:16Z,page_time_not_edit_audited,,2026-10-02T07:48:27.327Z,16.54388109953704,cumulative_at_observation,333,5,0,1,,thread_reply,False,False,exclude_thread,False,life,邀请同事下次参加,profile_timeline; quote and evident thread continuations excluded; direct root audit pending
liobaheimbach,2096952724424187970,https://x.com/liobaheimbach/status/2096952724424187970,2026-09-07T13:24:23Z,last_edit_time,,2026-10-02T07:48:27.327Z,24.766716747685187,cumulative_at_observation,832,35,0,2,,original,False,False,baseline_10,True,life,骑行照片,profile_timeline; quote and evident thread continuations excluded; direct root audit pending
liobaheimbach,2095174590582374701,https://x.com/liobaheimbach/status/2095174590582374701,2026-09-02T15:38:43Z,last_edit_time,,2026-10-02T07:48:27.327Z,29.673429710648147,cumulative_at_observation,727,17,0,1,,original,False,False,baseline_10,True,ai,AI代理反复犯错体验,profile_timeline; quote and evident thread continuations excluded; direct root audit pending
liobaheimbach,2094806214798446722,https://x.com/liobaheimbach/status/2094806214798446722,2026-09-01T15:14:55Z,publication_time_no_edit_label,2026-09-01T15:14:55Z,2026-10-02T07:48:27.327Z,30.689957488425925,cumulative_at_observation,887,33,0,1,3,original,False,False,baseline_10,True,life,骑行见闻,profile_timeline; quote and evident thread continuations excluded; direct root audit pending
liobaheimbach,2092288144490029272,https://x.com/liobaheimbach/status/2092288144490029272,2026-08-25T16:29:01Z,page_time_not_edit_audited,,2026-10-02T07:48:27.327Z,37.638499155092596,cumulative_at_observation,1611,32,1,1,5,quote,False,False,exclude_quote_matched_control,False,research,转介团队EVM研究文章,profile_timeline; quote and evident thread continuations excluded; direct root audit pending
liobaheimbach,2090788904362201214,https://x.com/liobaheimbach/status/2090788904362201214,2026-08-21T13:11:34Z,last_edit_time,,2026-10-02T07:48:27.327Z,41.77561721064815,cumulative_at_observation,2902,73,5,5,11,original,False,False,baseline_10,True,research,更多观察实际链上数据,profile_timeline; quote and evident thread continuations excluded; direct root audit pending
liobaheimbach,2089375766773403874,https://x.com/liobaheimbach/status/2089375766773403874,2026-08-17T15:36:16Z,publication_time_no_edit_label,2026-08-17T15:36:16Z,2026-10-02T07:48:41.063Z,45.67529008101852,cumulative_at_observation,3658,55,4,7,14,original,False,False,baseline_10,True,research,MEV竞争均衡反例,profile_timeline; quote and evident thread continuations excluded; direct root audit pending
liobaheimbach,2088680635359461840,https://x.com/liobaheimbach/status/2088680635359461840,2026-08-15T17:34:03Z,publication_time_no_edit_label,2026-08-15T17:34:03Z,2026-10-02T07:48:41.063Z,47.593496099537035,cumulative_at_observation,1069,11,0,0,,original,False,False,baseline_10,True,life,自行车比赛照片,profile_timeline; quote and evident thread continuations excluded; direct root audit pending
liobaheimbach,2088355508595880375,https://x.com/liobaheimbach/status/2088355508595880375,2026-08-14T20:02:07Z,page_time_not_edit_audited,,2026-10-02T07:48:41.063Z,48.49067202546296,cumulative_at_observation,2291,19,0,5,,quote,False,False,exclude_quote,False,ai,引用此前模型限制体验,profile_timeline; quote and evident thread continuations excluded; direct root audit pending
liobaheimbach,2085098940429414513,https://x.com/liobaheimbach/status/2085098940429414513,2026-08-05T20:21:41Z,publication_time_no_edit_label,2026-08-05T20:21:41Z,2026-10-02T07:48:41.063Z,57.4770840625,cumulative_at_observation,1287,20,0,1,,original,False,False,baseline_10,True,life,跑步手表灯体验,profile_timeline; quote and evident thread continuations excluded; direct root audit pending
liobaheimbach,2084606612367437998,https://x.com/liobaheimbach/status/2084606612367437998,2026-08-04T11:45:21Z,publication_time_no_edit_label,2026-08-04T11:45:21Z,2026-10-02T07:48:41.063Z,58.83564887731482,cumulative_at_observation,2542,53,4,5,2,original,False,False,baseline_10,True,research,协议不应将复杂性推给用户,profile_timeline; quote and evident thread continuations excluded; direct root audit pending
liobaheimbach,2082935693094043773,https://x.com/liobaheimbach/status/2082935693094043773,2026-07-30T21:05:42Z,publication_time_no_edit_label,2026-07-30T21:05:42Z,2026-10-02T07:48:58.741Z,63.446721539351856,cumulative_at_observation,1698,47,4,1,3,original,False,False,baseline_10,True,research,EVM研究工作坊现场,profile_timeline; quote and evident thread continuations excluded; direct root audit pending
liobaheimbach,2082594220863549945,https://x.com/liobaheimbach/status/2082594220863549945,2026-07-29T22:28:49Z,publication_time_no_edit_label,2026-07-29T22:28:49Z,2026-10-02T07:48:58.741Z,64.38900163194445,cumulative_at_observation,1202,34,5,2,4,original,False,False,extra_topic_control,True,research,36个P2P网络论文发布,profile_timeline; quote and evident thread continuations excluded; direct root audit pending
liobaheimbach,2082594236856422852,https://x.com/liobaheimbach/status/2082594236856422852,2026-07-29T22:28:53Z,page_time_not_edit_audited,,2026-10-02T07:48:58.741Z,64.38895533564815,cumulative_at_observation,189,8,0,1,,thread_reply,False,False,exclude_thread,False,research,P2P网络论文子帖,profile_timeline; quote and evident thread continuations excluded; direct root audit pending
MinLiBuilds,2105128167757537411,https://x.com/MinLiBuilds/status/2105128167757537411,2026-09-30T02:50:41.000Z,page_time_not_edit_audited,,2026-10-02T07:56:01.189Z,2.2120392245370373,cumulative_at_observation,25517,37,17,29,13,quote,False,False,screening_not_in_qualified_baseline,False,not_fully_coded,,visible profile/search text; format classification provisional unless root_verified
MinLiBuilds,2105113877734436981,https://x.com/MinLiBuilds/status/2105113877734436981,2026-09-30T01:53:54.000Z,page_time_not_edit_audited,,2026-10-02T07:56:01.189Z,2.2514720949074074,cumulative_at_observation,22925,15,3,7,5,quote,False,False,screening_not_in_qualified_baseline,False,not_fully_coded,,visible profile/search text; format classification provisional unless root_verified
MinLiBuilds,2105103604722057253,https://x.com/MinLiBuilds/status/2105103604722057253,2026-09-30T01:13:04.000Z,page_time_not_edit_audited,,2026-10-02T07:56:01.189Z,2.2798285763888892,cumulative_at_observation,10049,12,0,2,,quote,False,False,screening_not_in_qualified_baseline,False,not_fully_coded,,visible profile/search text; format classification provisional unless root_verified
MinLiBuilds,2105088999979397348,https://x.com/MinLiBuilds/status/2105088999979397348,2026-09-30T00:15:02.000Z,page_time_not_edit_audited,,2026-10-02T07:56:01.189Z,2.320129502314815,cumulative_at_observation,58355,8,1,6,1,quote,False,False,screening_not_in_qualified_baseline,False,not_fully_coded,,visible profile/search text; format classification provisional unless root_verified
MinLiBuilds,2105087268302315988,https://x.com/MinLiBuilds/status/2105087268302315988,2026-09-30T00:08:10.000Z,page_time_not_edit_audited,,2026-10-02T07:56:12.930Z,2.325033912037037,cumulative_at_observation,65102,15,1,15,2,quote,False,False,screening_not_in_qualified_baseline,False,not_fully_coded,,visible profile/search text; format classification provisional unless root_verified
MinLiBuilds,2104956212060229829,https://x.com/MinLiBuilds/status/2104956212060229829,2026-09-29T15:27:23.000Z,page_time_not_edit_audited,,2026-10-02T07:56:20.057Z,2.6867714930555557,cumulative_at_observation,35323,11,1,5,2,quote,False,False,screening_not_in_qualified_baseline,False,not_fully_coded,,visible profile/search text; format classification provisional unless root_verified
MinLiBuilds,2104948121335988350,https://x.com/MinLiBuilds/status/2104948121335988350,2026-09-29T14:55:14.000Z,page_time_not_edit_audited,,2026-10-02T07:56:29.042Z,2.7092018749999998,cumulative_at_observation,9719,11,0,12,,quote,False,False,screening_not_in_qualified_baseline,False,not_fully_coded,,visible profile/search text; format classification provisional unless root_verified
MinLiBuilds,2104913221908152760,https://x.com/MinLiBuilds/status/2104913221908152760,2026-09-29T12:36:34.000Z,page_time_not_edit_audited,,2026-10-02T07:56:29.042Z,2.8054981712962963,cumulative_at_observation,3397,7,1,5,2,quote,False,False,screening_not_in_qualified_baseline,False,not_fully_coded,,visible profile/search text; format classification provisional unless root_verified
MinLiBuilds,2104855662702596372,https://x.com/MinLiBuilds/status/2104855662702596372,2026-09-29T08:47:50.000Z,page_time_not_edit_audited,,2026-10-02T07:56:29.042Z,2.9643407638888886,cumulative_at_observation,4635,9,1,7,,quote,False,False,screening_not_in_qualified_baseline,False,not_fully_coded,,visible profile/search text; format classification provisional unless root_verified
MinLiBuilds,2104826772001104367,https://x.com/MinLiBuilds/status/2104826772001104367,2026-09-29T06:53:02.000Z,page_time_not_edit_audited,,2026-10-02T07:56:29.042Z,3.0440629861111113,cumulative_at_observation,67847,32,1,26,8,quote,False,False,screening_not_in_qualified_baseline,False,not_fully_coded,,visible profile/search text; format classification provisional unless root_verified
MinLiBuilds,2104812109720940583,https://x.com/MinLiBuilds/status/2104812109720940583,2026-09-29T05:54:47.000Z,page_time_not_edit_audited,,2026-10-02T07:56:41.311Z,3.084656377314815,cumulative_at_observation,5770,7,0,4,,quote,False,False,screening_not_in_qualified_baseline,False,not_fully_coded,,visible profile/search text; format classification provisional unless root_verified
MinLiBuilds,2104807662923993404,https://x.com/MinLiBuilds/status/2104807662923993404,2026-09-29T05:37:06.000Z,page_time_not_edit_audited,,2026-10-02T07:56:41.311Z,3.096936469907407,cumulative_at_observation,36339,254,22,5,245,quote,False,False,screening_not_in_qualified_baseline,False,not_fully_coded,,visible profile/search text; format classification provisional unless root_verified
MinLiBuilds,2104791097260277937,https://x.com/MinLiBuilds/status/2104791097260277937,2026-09-29T04:31:17.000Z,page_time_not_edit_audited,,2026-10-02T07:56:41.311Z,3.142642488425926,cumulative_at_observation,32669,29,1,41,11,quote,False,False,screening_not_in_qualified_baseline,False,not_fully_coded,,visible profile/search text; format classification provisional unless root_verified
li9292,2105634377048682577,https://x.com/li9292/status/2105634377048682577,2026-10-01T12:22:10.000Z,page_time_not_edit_audited,,2026-10-02T07:57:14.509Z,0.8160244097222222,cumulative_at_observation,330737,413,26,61,336,quote,True,False,exclude_pinned,False,not_fully_coded,,visible profile/search text; format classification provisional unless root_verified
li9292,2105922582109413393,https://x.com/li9292/status/2105922582109413393,2026-10-02T07:27:24.000Z,page_time_not_edit_audited,,2026-10-02T07:57:14.509Z,0.020723483796296297,cumulative_at_observation,100,0,0,0,,quote,False,False,screening_not_in_qualified_baseline,False,not_fully_coded,,visible profile/search text; format classification provisional unless root_verified
li9292,2105917749436527004,https://x.com/li9292/status/2105917749436527004,2026-10-02T07:08:12.000Z,page_time_not_edit_audited,,2026-10-02T07:57:14.509Z,0.03405681712962963,cumulative_at_observation,442,3,2,4,,quote,False,False,screening_not_in_qualified_baseline,False,not_fully_coded,,visible profile/search text; format classification provisional unless root_verified
li9292,2105918319521902777,https://x.com/li9292/status/2105918319521902777,2026-10-02T07:10:28.000Z,page_time_not_edit_audited,,2026-10-02T07:57:27.222Z,0.032629884259259265,cumulative_at_observation,23,1,0,0,,thread_reply,False,False,screening_not_in_qualified_baseline,False,not_fully_coded,,visible profile/search text; format classification provisional unless root_verified
li9292,2105610154842661059,https://x.com/li9292/status/2105610154842661059,2026-10-01T10:45:55.000Z,page_time_not_edit_audited,,2026-10-02T07:57:35.216Z,0.8831043518518519,cumulative_at_observation,2617,4,0,1,1,media_unclassified,False,False,screening_not_in_qualified_baseline,False,not_fully_coded,,visible profile/search text; format classification provisional unless root_verified
li9292,2105409276009197814,https://x.com/li9292/status/2105409276009197814,2026-09-30T21:27:42.000Z,page_time_not_edit_audited,,2026-10-02T07:57:35.216Z,1.4374214814814814,cumulative_at_observation,2725,10,1,6,1,quote,False,False,screening_not_in_qualified_baseline,False,not_fully_coded,,visible profile/search text; format classification provisional unless root_verified
li9292,2105409649272844618,https://x.com/li9292/status/2105409649272844618,2026-09-30T21:29:11.000Z,page_time_not_edit_audited,,2026-10-02T07:57:35.216Z,1.4363913888888888,cumulative_at_observation,553,1,0,1,,thread_reply,False,False,screening_not_in_qualified_baseline,False,not_fully_coded,,visible profile/search text; format classification provisional unless root_verified
li9292,2105378705044566267,https://x.com/li9292/status/2105378705044566267,2026-09-30T19:26:13.000Z,page_time_not_edit_audited,,2026-10-02T07:57:35.216Z,1.5217849074074072,cumulative_at_observation,22858,48,2,13,21,unavailable_quote,False,False,screening_not_in_qualified_baseline,False,not_fully_coded,,visible profile/search text; format classification provisional unless root_verified
li9292,2105910144244883964,https://x.com/li9292/status/2105910144244883964,2026-10-02T06:37:58.000Z,page_time_not_edit_audited,,2026-10-02T07:58:04.715Z,0.05563327546296296,cumulative_at_observation,61,0,0,0,,link_unclassified,False,False,screening_not_in_qualified_baseline,False,not_fully_coded,,visible profile/search text; format classification provisional unless root_verified
li9292,2105601673066356949,https://x.com/li9292/status/2105601673066356949,2026-10-01T10:12:13.000Z,page_time_not_edit_audited,,2026-10-02T07:58:04.715Z,0.9068485532407407,cumulative_at_observation,176700,98,16,52,73,quote,False,False,screening_not_in_qualified_baseline,False,not_fully_coded,,visible profile/search text; format classification provisional unless root_verified
li9292,2105755978528686434,https://x.com/li9292/status/2105755978528686434,2026-10-01T20:25:22.000Z,page_time_not_edit_audited,,2026-10-02T07:58:04.715Z,0.4810499421296296,cumulative_at_observation,274,1,0,0,,quote,False,False,screening_not_in_qualified_baseline,False,not_fully_coded,,visible profile/search text; format classification provisional unless root_verified
li9292,2105307136670437559,https://x.com/li9292/status/2105307136670437559,2026-09-30T14:41:50.000Z,page_time_not_edit_audited,,2026-10-02T07:58:04.715Z,1.7196147569444444,cumulative_at_observation,1542,8,1,4,1,quote,False,False,screening_not_in_qualified_baseline,False,not_fully_coded,,visible profile/search text; format classification provisional unless root_verified
li9292,2104666488393044290,https://x.com/li9292/status/2104666488393044290,2026-09-28T20:16:08.000Z,page_time_not_edit_audited,,2026-10-02T07:58:19.609Z,3.4876343634259257,cumulative_at_observation,12024,16,0,2,10,quote,False,False,screening_not_in_qualified_baseline,False,not_fully_coded,,visible profile/search text; format classification provisional unless root_verified
li9292,2104627681614786915,https://x.com/li9292/status/2104627681614786915,2026-09-28T17:41:56.000Z,page_time_not_edit_audited,,2026-10-02T07:58:19.609Z,3.5947176967592593,cumulative_at_observation,43646,44,3,46,29,quote,False,False,screening_not_in_qualified_baseline,False,not_fully_coded,,visible profile/search text; format classification provisional unless root_verified
0xValkyrie_ai,2010006180312289525,https://x.com/0xValkyrie_ai/status/2010006180312289525,2026-01-10T15:09:52.000Z,page_time_not_edit_audited,,2026-10-02T07:58:46.444Z,264.70063013888887,cumulative_at_observation,12097,28,0,5,6,original,True,False,exclude_pinned,False,not_fully_coded,,visible profile/search text; format classification provisional unless root_verified
0xValkyrie_ai,2105671553417670740,https://x.com/0xValkyrie_ai/status/2105671553417670740,2026-10-01T14:49:54.000Z,page_time_not_edit_audited,,2026-10-02T07:58:46.444Z,0.7144958796296297,cumulative_at_observation,175,0,0,0,,quote,False,False,screening_not_in_qualified_baseline,False,not_fully_coded,,visible profile/search text; format classification provisional unless root_verified
0xValkyrie_ai,2105488056602292313,https://x.com/0xValkyrie_ai/status/2105488056602292313,2026-10-01T02:40:45.000Z,page_time_not_edit_audited,,2026-10-02T07:58:46.444Z,1.2208500462962963,cumulative_at_observation,12350,123,13,10,219,quote,False,False,candidate_followup_same_episode,False,not_fully_coded,,visible profile/search text; format classification provisional unless root_verified
0xValkyrie_ai,2105185832160100517,https://x.com/0xValkyrie_ai/status/2105185832160100517,2026-09-30T06:39:49.000Z,last_edit_time,,2026-10-02T07:58:46.444Z,2.0548315277777776,cumulative_at_observation,28029,50,8,32,73,quote,False,False,candidate_first_in_window,True,not_fully_coded,,visible profile/search text; format classification provisional unless root_verified
0xValkyrie_ai,2105105125404500249,https://x.com/0xValkyrie_ai/status/2105105125404500249,2026-09-30T01:19:07.000Z,page_time_not_edit_audited,,2026-10-02T07:58:56.745Z,2.277659085648148,cumulative_at_observation,505,0,0,8,1,quote,False,False,same_format_control,False,not_fully_coded,,visible profile/search text; format classification provisional unless root_verified
0xValkyrie_ai,2104936413318017214,https://x.com/0xValkyrie_ai/status/2104936413318017214,2026-09-29T14:08:43.000Z,publication_time_no_edit_label,2026-09-29T14:08:43.000Z,2026-10-02T07:59:04.903Z,2.7433090625,cumulative_at_observation,178,0,0,0,,original,False,False,baseline_10,True,not_fully_coded,,visible profile/search text; format classification provisional unless root_verified
0xValkyrie_ai,2104920817226371466,https://x.com/0xValkyrie_ai/status/2104920817226371466,2026-09-29T13:06:45.000Z,publication_time_no_edit_label,2026-09-29T13:06:45.000Z,2026-10-02T07:59:04.903Z,2.7863414699074074,cumulative_at_observation,1030,3,1,1,3,original,False,False,baseline_10,True,not_fully_coded,,visible profile/search text; format classification provisional unless root_verified
0xValkyrie_ai,2104915311812362248,https://x.com/0xValkyrie_ai/status/2104915311812362248,2026-09-29T12:44:52.000Z,page_time_not_edit_audited,,2026-10-02T07:59:04.903Z,2.8015382291666664,cumulative_at_observation,280,0,0,0,,quote,False,False,same_format_control,False,not_fully_coded,,visible profile/search text; format classification provisional unless root_verified
0xValkyrie_ai,2103831214067224916,https://x.com/0xValkyrie_ai/status/2103831214067224916,2026-09-26T12:57:03.000Z,page_time_not_edit_audited,,2026-10-02T07:59:16.070Z,5.7932068287037035,cumulative_at_observation,520,0,0,14,,quote,False,False,same_format_control,False,not_fully_coded,,visible profile/search text; format classification provisional unless root_verified
0xValkyrie_ai,2103673598376632711,https://x.com/0xValkyrie_ai/status/2103673598376632711,2026-09-26T02:30:44.000Z,publication_time_no_edit_label,2026-09-26T02:30:44.000Z,2026-10-02T07:59:16.070Z,6.228148958333333,cumulative_at_observation,347,0,0,1,,original,False,False,baseline_10,True,not_fully_coded,,visible profile/search text; format classification provisional unless root_verified
0xValkyrie_ai,2103670538157891983,https://x.com/0xValkyrie_ai/status/2103670538157891983,2026-09-26T02:18:35.000Z,publication_time_no_edit_label,2026-09-26T02:18:35.000Z,2026-10-02T07:59:16.070Z,6.236586458333333,cumulative_at_observation,194,0,0,0,,original,False,False,baseline_10,True,not_fully_coded,,visible profile/search text; format classification provisional unless root_verified
0xValkyrie_ai,2103472654875578829,https://x.com/0xValkyrie_ai/status/2103472654875578829,2026-09-25T13:12:16.000Z,publication_time_no_edit_label,2026-09-25T13:12:16.000Z,2026-10-02T07:59:16.070Z,6.782639699074074,cumulative_at_observation,196,0,0,0,,original,False,False,baseline_10,True,not_fully_coded,,visible profile/search text; format classification provisional unless root_verified
0xValkyrie_ai,2103468175224705360,https://x.com/0xValkyrie_ai/status/2103468175224705360,2026-09-25T12:54:28.000Z,publication_time_no_edit_label,2026-09-25T12:54:28.000Z,2026-10-02T07:59:16.070Z,6.795000810185185,cumulative_at_observation,193,1,0,0,,original,False,False,baseline_10,True,not_fully_coded,,visible profile/search text; format classification provisional unless root_verified
0xValkyrie_ai,2103144324846481845,https://x.com/0xValkyrie_ai/status/2103144324846481845,2026-09-24T15:27:36.000Z,page_time_not_edit_audited,,2026-10-02T07:59:16.070Z,7.688658217592592,cumulative_at_observation,518,3,0,0,1,quote,False,False,same_format_control,False,not_fully_coded,,visible profile/search text; format classification provisional unless root_verified
0xValkyrie_ai,2104386294168326266,https://x.com/0xValkyrie_ai/status/2104386294168326266,2026-09-28T01:42:44.000Z,publication_time_no_edit_label,2026-09-28T01:42:44.000Z,2026-10-02T07:59:26.481Z,4.261602789351852,cumulative_at_observation,183,0,0,0,,original,False,False,baseline_10,True,not_fully_coded,,visible profile/search text; format classification provisional unless root_verified
0xValkyrie_ai,2104140575113191541,https://x.com/0xValkyrie_ai/status/2104140575113191541,2026-09-27T09:26:20.000Z,page_time_not_edit_audited,,2026-10-02T07:59:26.481Z,4.939658344907408,cumulative_at_observation,437,2,0,1,1,quote,False,False,same_format_control,False,not_fully_coded,,visible profile/search text; format classification provisional unless root_verified
0xValkyrie_ai,2104127170490880363,https://x.com/0xValkyrie_ai/status/2104127170490880363,2026-09-27T08:33:04.000Z,publication_time_no_edit_label,2026-09-27T08:33:04.000Z,2026-10-02T07:59:26.481Z,4.976649085648148,cumulative_at_observation,181,0,0,0,,original,False,False,baseline_10,True,not_fully_coded,,visible profile/search text; format classification provisional unless root_verified
0xValkyrie_ai,2103103612599808004,https://x.com/0xValkyrie_ai/status/2103103612599808004,2026-09-24T12:45:49.000Z,publication_time_no_edit_label,2026-09-24T12:45:49.000Z,2026-10-02T07:59:26.481Z,7.8011282523148155,cumulative_at_observation,847,0,0,4,2,original,False,False,baseline_10,True,not_fully_coded,,visible profile/search text; format classification provisional unless root_verified
0xValkyrie_ai,2102926987471786213,https://x.com/0xValkyrie_ai/status/2102926987471786213,2026-09-24T01:03:58.000Z,publication_time_no_edit_label,2026-09-24T01:03:58.000Z,2026-10-02T07:59:34.994Z,8.28862261574074,cumulative_at_observation,5347,1,2,1,2,original,False,False,baseline_10,True,not_fully_coded,,visible profile/search text; format classification provisional unless root_verified
0xValkyrie_ai,2102682330049475043,https://x.com/0xValkyrie_ai/status/2102682330049475043,2026-09-23T08:51:48.000Z,page_time_not_edit_audited,,2026-10-02T07:59:34.994Z,8.96373835648148,cumulative_at_observation,195,1,0,0,,quote,False,False,same_format_control,False,not_fully_coded,,visible profile/search text; format classification provisional unless root_verified
0xValkyrie_ai,2101893330426790006,https://x.com/0xValkyrie_ai/status/2101893330426790006,2026-09-21T04:36:35.000Z,page_time_not_edit_audited,,2026-10-02T07:59:34.994Z,11.140972152777778,cumulative_at_observation,1144,2,0,2,,original,False,False,screening_not_in_qualified_baseline,False,not_fully_coded,,visible profile/search text; format classification provisional unless root_verified
0xValkyrie_ai,2101862799278223364,https://x.com/0xValkyrie_ai/status/2101862799278223364,2026-09-21T02:35:16.000Z,page_time_not_edit_audited,,2026-10-02T07:59:34.994Z,11.225219837962962,cumulative_at_observation,202,0,0,1,,quote,False,False,same_format_control,False,not_fully_coded,,visible profile/search text; format classification provisional unless root_verified
0xValkyrie_ai,2101840815085474051,https://x.com/0xValkyrie_ai/status/2101840815085474051,2026-09-21T01:07:55.000Z,page_time_not_edit_audited,,2026-10-02T07:59:34.994Z,11.285879560185185,cumulative_at_observation,237,1,0,1,,quote,False,False,same_format_control,False,not_fully_coded,,visible profile/search text; format classification provisional unless root_verified
0xValkyrie_ai,2101834580802367893,https://x.com/0xValkyrie_ai/status/2101834580802367893,2026-09-21T00:43:08.000Z,page_time_not_edit_audited,,2026-10-02T07:59:34.994Z,11.303090208333332,cumulative_at_observation,197,0,0,0,,original,False,False,screening_not_in_qualified_baseline,False,not_fully_coded,,visible profile/search text; format classification provisional unless root_verified
Dadivan_sol,2105005696542806296,https://x.com/Dadivan_sol/status/2105005696542806296,2026-09-29T18:44:01.000Z,page_time_not_edit_audited,,2026-10-02T08:05:24.463Z,2.5565215625,cumulative_at_observation,738,28,0,13,1,original,True,False,exclude_pinned,False,not_fully_coded,,visible profile/search text; format classification provisional unless root_verified
Dadivan_sol,2105922733729304778,https://x.com/Dadivan_sol/status/2105922733729304778,2026-10-02T07:28:00.000Z,page_time_not_edit_audited,,2026-10-02T08:05:24.463Z,0.02597758101851852,cumulative_at_observation,76,0,0,1,,quote,False,False,screening_not_in_qualified_baseline,False,not_fully_coded,,visible profile/search text; format classification provisional unless root_verified
Dadivan_sol,2105669570770178319,https://x.com/Dadivan_sol/status/2105669570770178319,2026-10-01T14:42:01.000Z,page_time_not_edit_audited,,2026-10-02T08:05:24.463Z,0.7245771180555556,cumulative_at_observation,638,26,1,3,4,original,False,False,screening_not_in_qualified_baseline,False,not_fully_coded,,visible profile/search text; format classification provisional unless root_verified
Dadivan_sol,2105565126992752699,https://x.com/Dadivan_sol/status/2105565126992752699,2026-10-01T07:47:00.000Z,page_time_not_edit_audited,,2026-10-02T08:05:35.239Z,1.0129078587962963,cumulative_at_observation,528,14,5,4,,quote,False,False,screening_not_in_qualified_baseline,False,not_fully_coded,,visible profile/search text; format classification provisional unless root_verified
Dadivan_sol,2105307435816956231,https://x.com/Dadivan_sol/status/2105307435816956231,2026-09-30T14:43:02.000Z,page_time_not_edit_audited,,2026-10-02T08:05:35.239Z,1.7239958217592593,cumulative_at_observation,481,13,0,1,1,original,False,False,screening_not_in_qualified_baseline,False,not_fully_coded,,visible profile/search text; format classification provisional unless root_verified
Dadivan_sol,2105203242385002587,https://x.com/Dadivan_sol/status/2105203242385002587,2026-09-30T07:49:00.000Z,page_time_not_edit_audited,,2026-10-02T08:05:35.239Z,2.0115189699074074,cumulative_at_observation,515,11,2,3,2,quote,False,False,screening_not_in_qualified_baseline,False,not_fully_coded,,visible profile/search text; format classification provisional unless root_verified
Dadivan_sol,2105218170340716905,https://x.com/Dadivan_sol/status/2105218170340716905,2026-09-30T08:48:19.000Z,page_time_not_edit_audited,,2026-10-02T08:05:35.239Z,1.9703268402777778,cumulative_at_observation,44,0,0,0,,thread_reply,False,False,screening_not_in_qualified_baseline,False,not_fully_coded,,visible profile/search text; format classification provisional unless root_verified
Dadivan_sol,2104945300792369482,https://x.com/Dadivan_sol/status/2104945300792369482,2026-09-29T14:44:02.000Z,page_time_not_edit_audited,,2026-10-02T08:05:35.239Z,2.7233013773148147,cumulative_at_observation,357,13,1,2,,original,False,False,screening_not_in_qualified_baseline,False,not_fully_coded,,visible profile/search text; format classification provisional unless root_verified
Dadivan_sol,2104584169397579987,https://x.com/Dadivan_sol/status/2104584169397579987,2026-09-28T14:49:01.000Z,page_time_not_edit_audited,,2026-10-02T08:05:54.126Z,3.7200593287037034,cumulative_at_observation,1457,21,2,5,1,original,False,False,screening_not_in_qualified_baseline,False,not_fully_coded,,visible profile/search text; format classification provisional unless root_verified
Dadivan_sol,2104484257515356556,https://x.com/Dadivan_sol/status/2104484257515356556,2026-09-28T08:12:01.000Z,page_time_not_edit_audited,,2026-10-02T08:05:54.126Z,3.995753773148148,cumulative_at_observation,1400,9,3,3,,original,False,False,screening_not_in_qualified_baseline,False,not_fully_coded,,visible profile/search text; format classification provisional unless root_verified
Dadivan_sol,2104484802141335760,https://x.com/Dadivan_sol/status/2104484802141335760,2026-09-28T08:14:10.000Z,page_time_not_edit_audited,,2026-10-02T08:05:54.126Z,3.9942607175925926,cumulative_at_observation,55,0,0,0,,thread_reply,False,False,screening_not_in_qualified_baseline,False,not_fully_coded,,visible profile/search text; format classification provisional unless root_verified
Dadivan_sol,2104208439102910852,https://x.com/Dadivan_sol/status/2104208439102910852,2026-09-27T13:56:00.000Z,page_time_not_edit_audited,,2026-10-02T08:05:54.126Z,4.756876458333333,cumulative_at_observation,394,13,0,1,1,quote,False,False,screening_not_in_qualified_baseline,False,not_fully_coded,,visible profile/search text; format classification provisional unless root_verified
Dadivan_sol,2103842781496258676,https://x.com/Dadivan_sol/status/2103842781496258676,2026-09-26T13:43:01.000Z,page_time_not_edit_audited,,2026-10-02T08:05:54.126Z,5.765892662037037,cumulative_at_observation,338,5,0,2,,quote,False,False,screening_not_in_qualified_baseline,False,not_fully_coded,,visible profile/search text; format classification provisional unless root_verified
Dadivan_sol,2103556642289913990,https://x.com/Dadivan_sol/status/2103556642289913990,2026-09-25T18:46:00.000Z,page_time_not_edit_audited,,2026-10-02T08:05:54.126Z,6.555487569444445,cumulative_at_observation,218,3,0,0,,quote,False,False,screening_not_in_qualified_baseline,False,not_fully_coded,,visible profile/search text; format classification provisional unless root_verified
Dadivan_sol,2103495745718698253,https://x.com/Dadivan_sol/status/2103495745718698253,2026-09-25T14:44:01.000Z,page_time_not_edit_audited,,2026-10-02T08:05:54.126Z,6.723531550925927,cumulative_at_observation,331,8,0,2,,original,False,False,screening_not_in_qualified_baseline,False,not_fully_coded,,visible profile/search text; format classification provisional unless root_verified
Dadivan_sol,2103390799719534679,https://x.com/Dadivan_sol/status/2103390799719534679,2026-09-25T07:47:00.000Z,page_time_not_edit_audited,,2026-10-02T08:06:03.040Z,7.01322962962963,cumulative_at_observation,224,8,0,0,,quote,False,False,screening_not_in_qualified_baseline,False,not_fully_coded,,visible profile/search text; format classification provisional unless root_verified
Dadivan_sol,2103134616798523726,https://x.com/Dadivan_sol/status/2103134616798523726,2026-09-24T14:49:01.000Z,page_time_not_edit_audited,,2026-10-02T08:06:03.040Z,7.720162500000001,cumulative_at_observation,1270,20,4,7,2,original,False,False,screening_not_in_qualified_baseline,False,not_fully_coded,,visible profile/search text; format classification provisional unless root_verified
Dadivan_sol,2103027656841457878,https://x.com/Dadivan_sol/status/2103027656841457878,2026-09-24T07:44:00.000Z,page_time_not_edit_audited,,2026-10-02T08:06:03.040Z,8.015312962962964,cumulative_at_observation,582,10,2,4,1,quote,False,False,screening_not_in_qualified_baseline,False,not_fully_coded,,visible profile/search text; format classification provisional unless root_verified
Dadivan_sol,2102770720875147696,https://x.com/Dadivan_sol/status/2102770720875147696,2026-09-23T14:43:02.000Z,page_time_not_edit_audited,,2026-10-02T08:06:03.040Z,8.724317592592593,cumulative_at_observation,392,8,0,4,1,quote,False,False,screening_not_in_qualified_baseline,False,not_fully_coded,,visible profile/search text; format classification provisional unless root_verified
Dadivan_sol,2102662752338927931,https://x.com/Dadivan_sol/status/2102662752338927931,2026-09-23T07:34:00.000Z,page_time_not_edit_audited,,2026-10-02T08:06:03.040Z,9.022257407407407,cumulative_at_observation,652,14,2,4,1,quote,False,False,screening_not_in_qualified_baseline,False,not_fully_coded,,visible profile/search text; format classification provisional unless root_verified
rover_tang,2004748584013713715,https://x.com/rover_tang/status/2004748584013713715,2025-12-27T02:58:03.000Z,page_time_not_edit_audited,,2026-10-02T08:06:31.818Z,279.21422243055554,cumulative_at_observation,3213,18,0,5,3,original,True,False,exclude_pinned,False,not_fully_coded,,visible profile/search text; format classification provisional unless root_verified
rover_tang,2105895755571691635,https://x.com/rover_tang/status/2105895755571691635,2026-10-02T05:40:48.000Z,page_time_not_edit_audited,,2026-10-02T08:06:31.818Z,0.10120159722222222,cumulative_at_observation,29,0,0,0,,quote,False,False,screening_not_in_qualified_baseline,False,not_fully_coded,,visible profile/search text; format classification provisional unless root_verified
rover_tang,2105708610928214485,https://x.com/rover_tang/status/2105708610928214485,2026-10-01T17:17:09.000Z,page_time_not_edit_audited,,2026-10-02T08:06:31.818Z,0.6176252083333333,cumulative_at_observation,103,0,0,0,,quote,False,False,screening_not_in_qualified_baseline,False,not_fully_coded,,visible profile/search text; format classification provisional unless root_verified
rover_tang,2105682542322172366,https://x.com/rover_tang/status/2105682542322172366,2026-10-01T15:33:34.000Z,page_time_not_edit_audited,,2026-10-02T08:06:31.818Z,0.6895580787037037,cumulative_at_observation,185,1,0,0,,quote,False,False,screening_not_in_qualified_baseline,False,not_fully_coded,,visible profile/search text; format classification provisional unless root_verified
rover_tang,2105352065136603149,https://x.com/rover_tang/status/2105352065136603149,2026-09-30T17:40:22.000Z,page_time_not_edit_audited,,2026-10-02T08:06:31.818Z,1.6015025231481481,cumulative_at_observation,159,0,0,0,,quote,False,False,screening_not_in_qualified_baseline,False,not_fully_coded,,visible profile/search text; format classification provisional unless root_verified
rover_tang,2105327684679266309,https://x.com/rover_tang/status/2105327684679266309,2026-09-30T16:03:29.000Z,page_time_not_edit_audited,,2026-10-02T08:06:43.249Z,1.6689149189814816,cumulative_at_observation,128,1,0,1,2,original,False,False,screening_not_in_qualified_baseline,False,not_fully_coded,,visible profile/search text; format classification provisional unless root_verified
rover_tang,2105326273023389723,https://x.com/rover_tang/status/2105326273023389723,2026-09-30T15:57:53.000Z,page_time_not_edit_audited,,2026-10-02T08:06:43.249Z,1.6728038078703704,cumulative_at_observation,124,0,0,0,,quote,False,False,screening_not_in_qualified_baseline,False,not_fully_coded,,visible profile/search text; format classification provisional unless root_verified
rover_tang,2105324329462530530,https://x.com/rover_tang/status/2105324329462530530,2026-09-30T15:50:09.000Z,page_time_not_edit_audited,,2026-10-02T08:06:43.249Z,1.6781741782407409,cumulative_at_observation,105,0,0,0,3,quote,False,False,screening_not_in_qualified_baseline,False,not_fully_coded,,visible profile/search text; format classification provisional unless root_verified
rover_tang,2105184354368667882,https://x.com/rover_tang/status/2105184354368667882,2026-09-30T06:33:57.000Z,page_time_not_edit_audited,,2026-10-02T08:06:43.249Z,2.0644241782407406,cumulative_at_observation,79,0,0,0,,quote,False,False,screening_not_in_qualified_baseline,False,not_fully_coded,,visible profile/search text; format classification provisional unless root_verified
rover_tang,2105182576977838201,https://x.com/rover_tang/status/2105182576977838201,2026-09-30T06:26:53.000Z,page_time_not_edit_audited,,2026-10-02T08:06:43.249Z,2.0693315856481482,cumulative_at_observation,82,0,0,0,,quote,False,False,screening_not_in_qualified_baseline,False,not_fully_coded,,visible profile/search text; format classification provisional unless root_verified
rover_tang,2105003940630966717,https://x.com/rover_tang/status/2105003940630966717,2026-09-29T18:37:03.000Z,page_time_not_edit_audited,,2026-10-02T08:06:43.249Z,2.562271400462963,cumulative_at_observation,55,0,0,0,,quote,False,False,screening_not_in_qualified_baseline,False,not_fully_coded,,visible profile/search text; format classification provisional unless root_verified
